Name,TSM,LCV,LCB (500),LCG,MCV,MCB,MCG,SCV,SCB,SCG,Micro Cap,REIT,Int'l Dev,EM,Total Int'l,Pacific,Europe,Int'l Value,Int'l Small,LTT,ITT,STT,TBM,STB,TBILL,IT Corp.,Wellington,Wellesley,Windsor,COMM,GOLD,Energy,Health,Precious Metals,Windsor II,ST Munis,IT Munis,LT Munis,ST Invest. Grade,Hi-Yield Corp. Bd,TIPS,Global Bd,Int'l Bd,Extended Mkt,Total World Mkt,Momentum Factor,Quality Factor,Min Vol Factor,Value Factor,Dividend Growth,High Dividends,LT STRIPS,Inflation
Symbol,VTSMX,VIVAX,VFINX,VIGRX,VMVIX,VIMSX,VMGIX,VISVX,NAESX,VISGX,BRSIX,VGSIX,VDVIX,VEIEX,VGTSX,VPACX,VEURX,EFV,VFSVX,VUSTX,VFITX,VFISX,VBMFX,VBISX,VUSXX,VCIT,VWELX,VWINX,VWNDX,GSG,IAU,VGENX,VGHCX,FSAGX,VWNFX,VWSTX,VWITX,VWLTX,VFSTX,VWEHX,VIPSX,BNDW,VTIBX,VEXMX,VTWSX,MTUM,QUAL,USMV,VLUE,VDAIX,VHDYX,EDV,CPI-U
1871,15.15409958,,15.15409958,,,,,,,,,,,,,,,,,4.622410633,2.125536375,3.441476767,2.509534209,3.49312004,6.254371066,,,,,,,,,,,,,,,,,,,,,,,,,,,5.732881772,1.527038419
1872,11.16124668,,11.16124668,,,,,,,,,,,,,,,,,2.517143965,2.882402378,5.655606362,3.515688807,5.708355042,7.713058248,,,,,,,,,,,,,,,,,,,,,,,,,,,0.547257088,2.255461977
1873,-2.484857794,,-2.484857794,,,,,,,,,,,,,,,,,6.708344745,7.745996299,9.305496815,8.053427706,9.360067707,8.252572685,,,,,,,,,,,,,,,,,,,,,,,,,,,6.686179072,-4.412051895
1874,4.360333302,,4.360333302,,,,,,,,,,,,,,,,,10.28514222,9.765986208,9.179574798,9.630150099,9.234082823,6.763912479,,,,,,,,,,,,,,,,,,,,,,,,,,,13.72837574,-6.922566088
1875,4.699236048,,4.699236048,,,,,,,,,,,,,,,,,11.07004047,5.791163275,4.350190017,5.581750527,4.402286966,4.865620941,,,,,,,,,,,,,,,,,,,,,,,,,,,18.13721316,-5.785600554
1876,-13.79781311,,-13.79781311,,,,,,,,,,,,,,,,,6.184035598,5.202710625,5.315455321,5.271126009,5.36803418,5.235288241,,,,,,,,,,,,,,,,,,,,,,,,,,,7.785540727,0.877373733
1877,-3.23406386,,-3.23406386,,,,,,,,,,,,,,,,,5.66663615,4.694144004,4.806888784,4.768672645,4.859213741,4.935557998,,,,,,,,,,,,,,,,,,,,,,,,,,,7.035683209,-15.6524529
1878,15.5305649,,15.5305649,,,,,,,,,,,,,,,,,5.699492706,5.603317253,5.525592294,5.615585933,5.578276065,4.805674893,,,,,,,,,,,,,,,,,,,,,,,,,,,6.7389974,-10.30881779
1879,48.11665902,,48.11665902,,,,,,,,,,,,,,,,,6.666076491,3.084352418,2.737429314,3.111768559,2.788721091,4.156259367,,,,,,,,,,,,,,,,,,,,,,,,,,,9.957765892,20.68999339
1880,26.0466267,,26.0466267,,,,,,,,,,,,,,,,,8.162054973,5.187931233,5.008120921,5.202047864,5.060546344,5.005495054,,,,,,,,,,,,,,,,,,,,,,,,,,,11.9224797,-5.714633708
1881,0.666820893,,0.666820893,,,,,,,,,,,,,,,,,4.576523657,2.583690691,3.384711626,2.828243993,3.43632656,4.695773804,,,,,,,,,,,,,,,,,,,,,,,,,,,5.941843381,8.080754613
1882,3.40253375,,3.40253375,,,,,,,,,,,,,,,,,3.277936717,2.764242919,4.193329898,3.126434706,4.245348535,5.165351184,,,,,,,,,,,,,,,,,,,,,,,,,,,3.362340628,-1.868748146
1883,-5.296096652,,-5.296096652,,,,,,,,,,,,,,,,,3.558989167,2.421992282,3.922936873,2.813185283,3.974820516,5.255270257,,,,,,,,,,,,,,,,,,,,,,,,,,,4.001321789,-7.619780871
1884,-12.28496321,,-12.28496321,,,,,,,,,,,,,,,,,4.788043204,5.964266265,6.894055521,6.158591137,6.947422498,5.5550005,,,,,,,,,,,,,,,,,,,,,,,,,,,5.069362922,-10.30881779
1885,28.12251527,,28.12251527,,,,,,,,,,,,,,,,,5.402516937,3.5539314,3.686098668,3.643315924,3.73786407,4.126286342,,,,,,,,,,,,,,,,,,,,,,,,,,,7.249575942,-3.448396461
1886,11.382526,,11.382526,,,,,,,,,,,,,,,,,1.111890541,-1.059327692,0.726815405,-0.534997285,0.777103381,4.166250375,,,,,,,,,,,,,,,,,,,,,,,,,,,0.818952305,0
1887,-0.497726122,,-0.497726122,,,,,,,,,,,,,,,,,1.270068714,4.197155801,6.483055397,4.678288046,6.536217182,6.014586872,,,,,,,,,,,,,,,,,,,,,,,,,,,-0.837447589,4.762280365
1888,2.869165842,,2.869165842,,,,,,,,,,,,,,,,,6.553937695,4.502185722,4.830193499,4.618920491,4.882530091,4.92556699,,,,,,,,,,,,,,,,,,,,,,,,,,,8.922290826,-4.545796777
1889,6.72081986,,6.72081986,,,,,,,,,,,,,,,,,3.663108721,1.609067611,2.791593469,1.951769949,2.842912287,4.585872715,,,,,,,,,,,,,,,,,,,,,,,,,,,4.5804423,-4.761876222
1890,-6.079444168,,-6.079444168,,,,,,,,,,,,,,,,,0.464691781,0.93404097,3.400300312,1.537046401,3.451923028,5.315216305,,,,,,,,,,,,,,,,,,,,,,,,,,,-1.07826886,2.499984268
1891,18.22291767,,18.22291767,,,,,,,,,,,,,,,,,3.692009125,6.842035198,8.055283256,7.065482788,8.109229978,5.874712759,,,,,,,,,,,,,,,,,,,,,,,,,,,2.671576366,-6.09757545
1892,6.022167876,,6.022167876,,,,,,,,,,,,,,,,,1.328047742,-5.552259494,-3.402425279,-4.847508337,-3.354198831,3.836547108,,,,,,,,,,,,,,,,,,,,,,,,,,,2.870279619,7.792271715
1893,-18.65221132,,-18.65221132,,,,,,,,,,,,,,,,,4.241521835,12.77310663,14.87290812,13.03726295,14.93025855,8.422419822,,,,,,,,,,,,,,,,,,,,,,,,,,,1.428422918,-13.25307745
1894,3.096405773,,3.096405773,,,,,,,,,,,,,,,,,6.925402757,4.870136182,3.718193038,4.669912409,3.769974463,3.227095614,,,,,,,,,,,,,,,,,,,,,,,,,,,9.634048402,-4.166583278
1895,4.794464221,,4.794464221,,,,,,,,,,,,,,,,,1.296659491,-2.125133467,-1.171994425,-1.746525582,-1.122654432,2.997302428,,,,,,,,,,,,,,,,,,,,,,,,,,,1.731407905,1.44920397
1896,2.900435877,,2.900435877,,,,,,,,,,,,,,,,,6.266773628,8.055018012,8.476645939,8.096901957,8.530803026,5.664901589,,,,,,,,,,,,,,,,,,,,,,,,,,,6.991481676,-2.857125741
1897,19.73758066,,19.73758066,,,,,,,,,,,,,,,,,3.909293971,3.139491361,3.052916534,3.17961628,3.104365819,3.346987711,,,,,,,,,,,,,,,,,,,,,,,,,,,4.651055031,2.941158332
1898,28.50861253,,28.50861253,,,,,,,,,,,,,,,,,6.806209579,4.323006017,3.636501836,4.228411778,3.688242476,3.4568888,,,,,,,,,,,,,,,,,,,,,,,,,,,9.549439561,1.428623679
1899,3.637801814,,3.637801814,,,,,,,,,,,,,,,,,2.173420139,0.196844732,0.985927862,0.472483539,1.0363452,3.267059646,,,,,,,,,,,,,,,,,,,,,,,,,,,2.54930366,16.90141692
1900,20.65076107,,20.65076107,,,,,,,,,,,,,,,,,3.671302684,3.365213144,4.346002117,3.615700782,4.398096976,4.545908682,,,,,,,,,,,,,,,,,,,,,,,,,,,4.114449069,-2.409725272
1901,19.21075699,,19.21075699,,,,,,,,,,,,,,,,,1.7417967,1.475428764,2.873508952,1.848722467,2.924868667,4.206214407,,,,,,,,,,,,,,,,,,,,,,,,,,,1.322736659,2.469226856
1902,8.099891679,,8.099891679,,,,,,,,,,,,,,,,,1.257322305,0.638161544,2.575534133,1.157375879,2.626745083,4.625836747,,,,,,,,,,,,,,,,,,,,,,,,,,,0.662506527,9.638592114
1903,-17.01924634,,-17.01924634,,,,,,,,,,,,,,,,,1.667683533,4.415411528,6.177579889,4.79427056,6.230589165,5.405135378,,,,,,,,,,,,,,,,,,,,,,,,,,,0.112041828,-4.39557396
1904,30.65540579,,30.65540579,,,,,,,,,,,,,,,,,2.055576998,2.991249792,3.97291103,3.248217869,4.024819622,4.246178439,,,,,,,,,,,,,,,,,,,,,,,,,,,1.262882331,2.298344658
1905,20.82728308,,20.82728308,,,,,,,,,,,,,,,,,3.990874311,0.753068514,1.624527239,1.06388711,1.675263399,4.076331302,,,,,,,,,,,,,,,,,,,,,,,,,,,5.490678788,0
1906,0.770775018,,0.770775018,,,,,,,,,,,,,,,,,-0.131558786,0.395887973,3.11388412,1.080894663,3.165363843,5.375162354,,,,,,,,,,,,,,,,,,,,,,,,,,,-1.869567671,4.494371699
1907,-23.85137795,,-23.85137795,,,,,,,,,,,,,,,,,0.688217712,3.853498695,6.305227274,4.372977276,6.358300278,6.134478969,,,,,,,,,,,,,,,,,,,,,,,,,,,-1.77028351,-2.150075203
1908,37.90911702,,37.90911702,,,,,,,,,,,,,,,,,5.218999727,6.942054335,7.215908291,6.973753903,7.269435953,5.225297232,,,,,,,,,,,,,,,,,,,,,,,,,,,5.308790948,3.29644659
1909,15.95245685,,15.95245685,,,,,,,,,,,,,,,,,1.474081086,0.026811617,0.916547445,0.336397346,0.966930145,3.556798881,,,,,,,,,,,,,,,,,,,,,,,,,,,1.19207787,10.63870237
1910,-3.508104527,,-3.508104527,,,,,,,,,,,,,,,,,2.732983455,5.547532074,6.485873788,5.738359746,6.53903698,5.165351184,,,,,,,,,,,,,,,,,,,,,,,,,,,1.179733443,-6.731327672
1911,3.307365373,,3.307365373,,,,,,,,,,,,,,,,,3.357082726,2.994578451,3.215522502,3.109239554,3.267052968,3.906484164,,,,,,,,,,,,,,,,,,,,,,,,,,,3.43672123,-1.030267418
1912,7.086920417,,7.086920417,,,,,,,,,,,,,,,,,-2.046939903,-0.173769977,1.824014671,0.361186936,1.874850425,4.256169447,,,,,,,,,,,,,,,,,,,,,,,,,,,-5.442508699,7.291379849
1913,-4.971749228,,-4.971749228,,,,,,,,,,,,,,,,,8.279198937,6.846295148,6.62773733,6.816867184,6.680971348,5.5550005,,,,,,,,,,,,,,,,,,,,,,,,,,,10.93583207,2.040816327
1914,-5.747246567,,-5.747246567,,,,,,,,,,,,,,,,,2.862685411,5.471450926,5.798950979,5.533067743,5.851771224,4.545908682,,,,,,,,,,,,,,,,,,,,,,,,,,,1.294736776,1
1915,30.29886501,,30.29886501,,,,,,,,,,,,,,,,,6.671484827,4.84786662,3.769959972,4.679913915,3.821767241,3.556798881,,,,,,,,,,,,,,,,,,,,,,,,,,,9.042465861,2.97029703
1916,8.422699111,,8.422699111,,,,,,,,,,,,,,,,,1.408335225,2.198558107,2.583291152,2.3527956,2.634505976,3.546807873,,,,,,,,,,,,,,,,,,,,,,,,,,,0.059936323,12.5
1917,-17.56577364,,-17.56577364,,,,,,,,,,,,,,,,,-0.462261999,-0.294963839,1.220924578,0.144845454,1.271459238,4.156259367,,,,,,,,,,,,,,,,,,,,,,,,,,,-2.571045167,19.65811966
1918,16.61898031,,16.61898031,,,,,,,,,,,,,,,,,5.302412479,5.009124725,5.846681352,5.22775525,5.899525426,5.884703767,,,,,,,,,,,,,,,,,,,,,,,,,,,5.8748341,17.85714286
1919,19.06897223,,19.06897223,,,,,,,,,,,,,,,,,-1.724488615,-0.668849798,2.073569913,0.029690074,2.124530258,5.465081427,,,,,,,,,,,,,,,,,,,,,,,,,,,-5.125658566,16.96969697
1920,-13.82393076,,-13.82393076,,,,,,,,,,,,,,,,,3.215906038,3.503296992,5.833382506,4.06481517,5.886219941,7.203516835,,,,,,,,,,,,,,,,,,,,,,,,,,,2.121171107,-1.554404145
1921,8.98946819,,8.98946819,,,,,,,,,,,,,,,,,15.82705734,12.49770169,11.04528148,12.1281708,11.10072096,7.343390948,,,,,,,,,,,,,,,,,,,,,,,,,,,23.52678611,-11.05263158
1922,28.72389613,,28.72389613,,,,,,,,,,,,,,,,,3.295052792,3.11212551,3.634376708,3.287571099,3.686116287,4.485962634,,,,,,,,,,,,,,,,,,,,,,,,,,,3.063241475,-0.591715976
1923,5.021509213,,5.021509213,,,,,,,,,,,,,,,,,8.251983361,6.176224845,5.56886064,6.084925827,5.621566012,4.865620941,,,,,,,,,,,,,,,,,,,,,,,,,,,11.48683007,2.976190476
1924,25.87134524,,25.87134524,,,,,,,,,,,,,,,,,6.597611697,5.345982195,4.824312602,5.275487297,4.876646258,4.246178439,,,,,,,,,,,,,,,,,,,,,,,,,,,8.71159464,0
1925,25.0612092,,25.0612092,,,,,,,,,,,,,,,,,6.142210199,3.485574299,3.052132201,3.46891453,3.103581094,3.776601059,,,,,,,,,,,,,,,,,,,,,,,,,,,8.678392832,3.468208092
1926,11.22768046,,11.22768046,,,,,,,,,,,,,,,,,8.290595195,4.51022876,3.939206681,4.451798348,3.991098446,4.186232391,,,,,,,,,,,,,,,,,,,,,,,,,,,12.36125654,-2.234636872
1927,33.2098668,26.42272848,36.37623745,37.9647063,26.89163565,31.4530539,35.02058679,37.45742999,36.16328338,32.69730351,,,,,,,,,,3.273449595,2.189071298,3.047160863,2.442325354,3.098607274,4.166250375,,,,,,,,,,,,,,,,,,,,,,,,,,,3.751970982,-1.142857143
1928,38.83312824,33.53442359,46.45782271,43.60179294,32.1676384,37.17824371,41.12904266,35.65393841,40.0200668,47.29418144,,,,,,,,,,-0.55776596,-0.692794319,1.631589416,-0.096221699,1.682329101,4.545908682,,,,,,,,,,,,,,,,,,,,,,,,,,,-2.322737165,-1.156069364
1929,-11.37885362,-0.538085082,-8.896651687,-15.44157755,-8.551220024,-12.75135329,-15.66530515,-21.52707256,-25.4350405,-28.21446935,,,,,,,,,,7.809336903,7.454199786,7.860337059,7.517480614,7.914186454,5.914676791,,,,,,,,,,,,,,,,,,,,,,,,,,,10.16686467,0
1930,-28.47640114,-26.84807053,-21.98853434,-25.53647166,-38.53182439,-37.42347978,-32.50421663,-36.1405665,-34.82903105,-32.40900475,,,,,,,,,,2.384318066,6.070059065,6.370984341,6.112426241,6.424090175,4.056349286,,-21.2145,,,,,,,,,,,,,,,,,,,,,,,,,0.882699438,-7.01754386
1931,-44.17310854,-47.22847826,-43.008449,-36.60101152,-53.50719888,-50.37347207,-41.49415768,-48.94468649,-46.65023077,-42.27449648,,,,,,,,,,-1.491504876,0.440719285,1.029421392,0.651632412,1.079860444,2.337895894,,-26.42646,,,,,,,,,,,,,,,,,,,,,,,,,-4.281926438,-10.06289308
1932,-8.754653701,-5.306032201,-8.682061981,-10.85076021,-3.927099012,-7.553203693,-12.67876244,-6.289942038,-5.432473687,-8.508346882,,,,,,,,,,8.78192509,8.706186782,6.574625156,8.196416997,6.627832657,3.267059646,,-1.82413,,,,,,,,,,,,,,,,,,,,,,,,,11.87126245,-9.79020979
1933,57.03631938,49.80668436,54.64949916,39.27643339,79.75058593,71.18060012,59.72613338,112.3893001,105.7122966,103.0296252,,,,,,,,,,5.838637507,5.21809034,2.873119627,4.719418413,2.924479148,1.368768109,,6.82202,,,,,,,,,,,,,,,,,,,,,,,,,7.84573157,2.325581395
1934,2.209139619,-4.493812182,-8.003557827,7.898015933,0.354426547,4.158519813,11.90760478,7.704629888,11.94485893,20.14541123,,,,,,,,,,7.787781279,5.231795286,2.269680232,4.616899958,2.320738484,0.232611963,,20.35647,,,,,,,,,,,,,,,,,,,,,,,,,11.58473811,3.03030303
1935,46.15546764,50.2940099,53.45686665,44.10593374,55.36864471,49.99039586,41.83539512,45.37758728,43.86171433,45.98521648,,,,,,,,,,4.652728243,3.664195193,1.487910819,3.250479359,1.538578772,0.085037562,,35.36596,,,,,,,,,,,,,,,,,,,,,,,,,6.316445313,1.470588235
1936,33.50242285,32.25633148,32.88082731,26.2069648,34.22165075,31.74137796,26.60058366,49.17912579,42.45617602,33.88674593,,,,,,,,,,2.005065958,2.622336588,1.159762282,2.362120711,1.210266406,0.080035186,,31.31284,,,,,,,,,,,,,,,,,,,,,,,,,1.896809079,2.173913043
1937,-34.91636352,-33.45387784,-34.8227502,-34.2994225,-39.97534755,-37.92295989,-35.4796417,-44.291785,-43.83769798,-43.07941143,,,,,,,,,,4.265508573,3.419067486,1.508321156,3.050497154,1.558999299,0.212622275,,-35.40864,,,,,,,,,,,,,,,,,,,,,,,,,5.675833517,2.857142857
1938,28.26698897,23.04340523,30.57578835,31.99853722,28.36513434,33.4009163,36.08258807,37.24840683,38.77211298,41.43960119,,,,,,,,,,5.392589369,4.215615403,2.016163344,3.755815477,2.067095028,-0.012466715,,19.14834,,,,,,,,,,,,,,,,,,,,,,,,,7.477553842,-2.777777778
1939,2.243232223,2.15870358,-0.517638909,6.149554906,-5.851951114,-5.798834743,-3.594586602,-6.933311481,-3.333092876,-0.275748012,,,,,,,,,,4.452525989,3.228043442,1.197200683,2.809206373,1.247723499,-0.052447609,,10.30021,,,,,,,,,,,,,,,,,,,,,,,,,6.129604419,0
1940,-7.265813586,-6.355366238,-9.897366194,-8.875528227,-6.738427145,-9.239703042,-11.31407449,-5.547228978,-5.361304962,-5.697417724,,,,,,,,,,6.080646301,3.510361621,1.215699868,3.027049426,1.266231919,-0.064939492,,0.1439,,,,,,,,,,,,,,,,,,,,,,,,,8.858116711,0.714285714
1941,-10.20445847,-9.276904801,-11.70950667,-13.56855202,-7.540871344,-8.518528403,-9.787376761,-7.664662917,-9.047289851,-11.87162442,,,,,,,,,,-4.818999676,0.165366654,0.639107259,0.311047202,0.689351446,-0.007469525,,-3.90826,,,,,,,,,,,,,,,,,,,,,,,,,-8.093375016,9.929078014
1942,16.59101185,16.11368023,19.9799935,14.28527348,28.18803415,23.32963171,18.29248765,22.8216424,20.75588569,16.9182731,,,,,,,,,,2.90822966,2.636202396,1.132823252,2.34048742,1.183313928,0.247701804,,16.62094,,,,,,,,,,,,,,,,,,,,,,,,,4.038194277,9.032258065
1943,27.77423783,29.79404639,25.45831206,21.35071941,40.51346226,34.52656741,28.9919949,53.17465907,43.83605353,33.91729559,,,,,,,,,,1.266745126,2.691164822,1.222155732,2.408035621,1.272691007,0.290280591,,24.8815,,,,,,,,,,,,,,,,,,,,,,,,,0.645159502,2.958579882
1944,21.09949841,20.01702989,19.36736195,15.68495615,30.70635037,26.17597149,21.36181077,39.70947702,35.5898949,30.85840887,,,,,,,,,,2.278862587,3.12739459,1.276412401,2.763333319,1.326974764,0.290280591,,19.36652,,,,,,,,,,,,,,,,,,,,,,,,,1.743854847,2.298850575
1945,38.08628448,35.94622802,36.11838805,31.54146916,54.32187343,50.03906193,45.09075121,64.29700675,61.01454034,57.5605142,,,,,,,,,,9.195878748,3.274904911,1.299244403,2.882000133,1.349818165,0.290280591,,23.12546,,,,,,,,,,,,,,,,,,,,,,,,,15.83039148,2.247191011
1946,-6.36614739,-4.268950528,-8.149482082,-6.952195139,-6.162259505,-6.210544271,-4.637905314,-7.712048193,-8.216324172,-7.565815793,,,,,,,,,,-0.89228285,1.6901978,0.754197381,1.533856288,0.804499027,0.290280591,,-2.37933,,,,,,,,,,,,,,,,,,,,,,,,,-2.660296133,18.13186813
1947,3.733140857,4.69959274,5.485470023,2.305739889,0.040948299,-0.560225139,-0.874898884,3.380263707,1.496568263,-0.863830051,,,,,,,,,,-3.216544655,1.052247014,0.732849043,1.034134109,0.783140031,0.478228726,,-3.46426,,,,,,,,,,,,,,,,,,,,,,,,,-6.798056344,8.837209302
1948,2.275033454,3.056281271,5.218075492,2.49649201,1.619675653,1.050077409,0.884617984,-2.281954209,-2.838642594,-3.090251327,,,,,,,,,,3.496717871,2.552909718,1.282293821,2.317513733,1.33285912,0.935581142,,3.87071,,,,,,,,,,,,,,,,,,,,,,,,,4.089470493,2.991452991
1949,19.86593536,16.18721473,18.43896777,21.71883453,23.73061911,23.8561996,24.02590451,19.96053296,21.33859912,22.67173284,,,,,,,,,,4.424735289,2.822166077,2.130568849,2.69767632,2.181557651,1.01614613,,16.50726,,,,,,,,,,,,,,,,,,,,,,,,,6.997512307,-2.074688797
1950,30.19803493,31.43552136,31.27224058,23.89548231,32.54399374,29.29291164,22.72682855,43.85551802,35.72685642,25.8774594,,,,,,,,,,-0.091584231,-0.083346771,0.168221719,0.057534757,0.218230816,1.086677955,,12.77273,,,,,,,,,,,,,,,,,,,,,,,,,0.148707488,5.93220339
1951,20.62014559,22.12055889,23.79509633,19.70300174,20.98830269,20.99189322,21.21183769,12.860359,14.90035909,17.28553925,,,,,,,,,,-2.796706892,1.564031181,1.636762138,1.641119976,1.687504405,1.39444211,,12.36175,,,,,,,,,,,,,,,,,,,,,,,,,-6.757492106,6
1952,13.53339562,13.45267479,17.99779305,13.80254935,13.39998901,12.48542836,11.05907314,11.81185833,11.2105885,10.32184323,,,,,,,,,,0.688500791,1.651987574,1.957120406,1.775741546,2.008022613,1.591572552,,11.03859,,,,,,,,,,,,,,,,,,,,,,,,,0.136372355,0.754716981
1953,0.557103337,-0.484773412,-1.08274923,2.200094512,-0.647280087,0.59680358,2.080703723,-3.09950777,-1.596077333,0.832069077,,,,,,,,,,3.371388594,5.40113281,4.218057682,5.163287006,4.270088664,1.814221315,,1.88783,,,,,,,,,,,,,,,,,,,,,,,,,0.867401925,0.74906367
1954,50.42097406,49.03397299,52.06025787,47.89662146,58.155719,53.25944242,45.88872933,60.06937016,55.05093821,50.61152377,,,,,,,,,,3.001683409,1.742806,1.906574456,1.823824608,1.957451428,0.875158521,,31.0061,,,,,,,,,,,,,,,,,,,,,,,,,4.683721427,-0.743494424
1955,25.60824975,23.3450057,31.22326247,26.92640039,17.9352208,18.14210374,18.09971732,20.77673174,20.71033546,19.64942452,,,,,,,,,,-0.538721837,0.115177147,0.420618974,0.252627556,0.470754081,1.578775216,,15.53619,,,,,,,,,,,,,,,,,,,,,,,,,-1.203818714,0.374531835
1956,8.400053568,11.34986387,6.334838705,6.397886205,6.536259115,9.463277593,10.49741742,8.653601462,8.388007056,9.094933559,,,,,,,,,,-4.33407249,-0.536849853,1.309621993,-0.056251761,1.360200936,2.487281997,,4.43304,,,,,,,,,,,,,,,,,,,,,,,,,-7.459942389,2.985074627
1957,-10.01691202,-9.011429524,-10.84248253,-8.650877525,-8.950586321,-10.28543413,-8.67838224,-13.72987892,-13.19753505,-11.55260876,,,,,,,,,,5.923535715,6.109610326,4.630739949,5.798126021,4.682976963,3.176422493,,-4.29728,,,,,,,-4.670161071,,,,,,,,,,,,,,,,,,5.435287854,2.898550725
1958,44.6834548,42.20538157,42.94836045,40.75218217,50.60619498,50.42813525,47.91180079,60.72143622,58.4594557,53.56979338,,,,,,,,,,-7.020491959,-2.548492108,0.803703237,-1.698420819,0.8540296,1.697118907,,28.46863,,,,,,,42.1571421,,,,,,,,,,,,,,,,,,-10.77843772,1.76056338
1959,12.66777259,7.134249754,11.79672801,12.77755573,10.01873412,10.43455814,9.9572598,18.30216322,18.50571194,18.24378924,,,,,,,,,,-3.34941482,-0.582804132,1.549659663,-0.031690981,1.600358444,3.201774593,,8.85848,,16.42847,,,,,30.56695941,,,,,,,,,,,,,,,,,,-5.15930037,1.730103806
1960,0.821863796,3.907025875,0.312858748,-2.398943057,4.057201392,6.472853575,10.52809734,-2.140274294,-0.923198137,2.401436207,,,,,,,,,,12.80283791,10.72617071,8.211109248,10.17172196,8.265133765,2.986356523,,5.17582,,11.1551,,,,,9.775692964,,,,,,,,,,,,,,,,,,14.52990569,1.360544218
1961,26.79430514,28.26589792,26.70100601,26.25553076,28.14560934,26.7526147,25.40137379,30.03098504,29.06600616,28.7659325,,,,,,,,,,0.844339118,2.597235798,2.895946982,2.710826303,2.947317899,2.194877443,,18.95466,,29.6491,,,,,10.52168148,,,,,,,,,,,,,,,,,,-0.783392006,0.67114094
1962,-9.688678568,-5.494728158,-8.791321532,-11.08701275,-6.856921933,-9.944021686,-11.43126827,-11.20891577,-13.25699797,-14.73691964,,,,,,,,,,6.452709422,5.458268444,4.251869172,5.230623159,4.303917035,2.714112208,,-5.18695,,-25.04707,,,,,-6.986062554,,,,,,,,,,,,,,,,,,7.881096741,1.333333333
1963,21.03931224,22.65968993,22.592413,20.81462325,21.9221797,19.34992348,14.45356032,20.7047338,16.32939934,11.29561394,,,,,,,,,,0.07191211,1.519231442,2.097962958,1.720609319,2.148935481,3.053645537,,11.89649,,12.67887,,,,,9.428895327,,,,,,,,,,,,,,,,,,-1.786645487,1.644736842
1964,16.29742723,16.59403465,16.26921029,14.29314238,17.99291587,15.7283107,14.73906933,22.67982636,18.42956593,14.50704805,,,,,,,,,,3.831668471,3.656190494,3.804145928,3.732770883,3.855970264,3.458223702,,10.8494,,13.9313,,,,,5.739701366,,,,,,,,,,,,,,,,,,4.524951515,0.970873786
1965,14.16069607,7.1725073,12.30365423,14.66998837,22.72964651,21.85435606,20.23101883,31.86780994,30.42841708,28.9291982,,,,,,,,,,-0.721488048,0.67479414,2.139038804,1.078306062,2.190031834,3.866493776,,5.44215,,29.1168,,,,,5.676340598,,,,,,,,,,,,,,,,,,-2.385279262,1.923076923
1966,-8.851284513,-9.565161153,-10.14863527,-11.44599426,-2.81526163,-3.500708586,-4.434921794,-7.522434683,-6.547431756,-5.39914728,,,,,,,,,,4.409722031,4.584364834,4.775537572,4.678483789,4.827846876,4.834086874,,-6.61011,,-3.30571,,,,,-9.708641853,,,,,,,,,,,,,,,,,,4.603854477,3.459119497
1967,27.22252531,16.64566914,23.71416361,26.29884258,25.00220845,27.23609516,25.79142932,52.60231738,54.46669012,52.39135608,,,,,,,,,,-7.097662035,-0.683880377,3.091629986,0.186098298,3.143098598,4.309374057,,8.15392,,31.50465,,,,,37.60478987,,,,,,,,,,,,,,,,,,-13.45219109,3.039513678
1968,13.07875441,13.60098858,10.88515413,5.167595609,22.55015649,18.21757903,13.21429413,32.89453271,29.81604346,26.22143479,,,,,,,,,,-1.956096799,2.849793995,4.459576161,3.261426492,4.511727721,5.269893447,,7.92213,,21.39612,,,,,20.95996445,,,,,,,,,,,,,,,,,,-8.733669297,4.719764012
1969,-10.36674001,-14.49760652,-8.531574721,-2.97748822,-17.83723485,-13.91511405,-10.23871523,-21.3237412,-20.67492358,-20.33661579,,,,,,,,,,-6.409907816,0.019490685,2.565162765,0.713522824,2.616368538,6.629558743,,-7.83168,,-3.78224,,,,,-19.45806933,,,,,,,,,,,,,,,,,,-8.187687316,6.197183099
1970,-0.139804274,8.790191576,3.748993554,-2.422140132,7.685126167,1.372594844,-2.221932051,-0.020525144,-6.745787224,-13.10772128,-18.46153846,-0.259325753,-11.81092143,,-14.51732056,-12.97825653,-10.87572312,-12.00418368,,17.13790599,14.03509922,12.18977651,13.91598962,12.24578738,6.757702895,16.4157086,6.40489,6.270248758,6.35197,14.24317618,5.928360916,,,16.06839527,,,,,,,,,,,-2.16887913,,,,,,,18.08943109,5.570291777
1971,15.98761734,11.18400074,14.14054917,20.3918413,16.32054868,20.90824718,23.07798384,18.14626168,21.66603597,25.58819908,17.64764268,15.84879314,29.37175459,,31.5428554,37.24288425,26.00079223,29.08824243,,8.893806857,9.013266692,7.149062983,8.676140159,7.202557273,4.523419663,7.61257504,8.87602,15.03293,7.4706,20.17600404,16.42909847,,,-6.522644487,,,,,,,,,,,19.33721249,,,,,,,6.245017609,3.266331658
1972,16.67665269,15.22478071,18.82857444,19.65169871,8.963186265,8.57530904,6.887427564,8.345067467,8.672117058,7.999511362,-1.310173697,7.729902254,36.11730777,,38.85053644,105.8719032,14.09978994,35.81901305,,-2.452656678,3.020156093,3.417189377,3.187563293,3.468820525,3.917623534,3.208517834,10.98989,9.74782,10.20835,41.36940797,48.37990973,,,60.68190232,,,,,,,,,,,23.31403813,,,,,,,-13.3384718,3.406326034
1973,-18.17455562,-9.723860115,-14.80806539,-21.30349878,-14.53816244,-22.01697845,-26.9023431,-25.95970791,-31.58477859,-36.61024259,-42.46153846,-15.73616772,-15.06699585,,-11.53890104,-21.52945784,-9.008927775,-15.25312256,,0.938123752,3.748483847,4.326336537,3.897243828,4.378421578,6.799144436,1.438992705,-11.83276,-3.48639,-25.02237,73.65351581,72.52707984,,,91.98863581,,,,,,,,,,,-14.6679669,,,,,,,-11.22647266,8.705882353
1974,-27.1420012,-22.1040896,-26.57005225,-30.51256395,-22.51826034,-26.57654982,-30.10721633,-24.10951876,-27.98737796,-30.79247658,-27.69230769,-21.60656266,-23.29473002,,-19.6916738,-21.68253837,-24.26634429,-23.46282604,,4.813114526,4.094910053,5.824683223,4.499407445,5.877516315,7.91002264,-5.927342339,-17.72844,-6.43198,-16.80382,38.4753577,65.73266166,,,10.87261414,,,,,,,,,,,-24.62316945,,,,,,,-1.12171334,12.33766234
1975,38.55602157,39.01855406,37.03667913,32.81657843,49.94517437,45.65990263,41.58588721,54.78523056,53.78264745,52.66077436,74.48138958,18.98789861,35.16228777,,30.79450002,25.53915868,41.08538593,36.61719295,36.54783995,8.115533196,6.072269881,8.143940127,6.533204381,8.197931111,6.030394738,16.61991482,25.18141,17.45854,54.49476,-17.83844535,-24.98646146,,,-23.65034009,,,,,,,,,,,34.24068528,,,,39.02169266,,,7.207728553,6.936416185
1976,26.5827841,33.41444369,23.75383689,17.48653269,43.40263249,35.40312459,29.34312862,50.13902969,44.25748565,39.18952308,54.00496278,47.20958794,2.364525367,6.592915016,2.155724878,20.61024883,-8.041256663,3.636648278,3.544587081,16.86889539,13.92235673,10.01996008,15.42685971,10.70394408,4.968896498,19.25834126,23.3621,23.2835,46.41218,-12.57935512,-4.338974311,,,-28.47756037,,,,,12.35528942,,,,,,14.49311748,,16.97499905,,31.05228382,,33.77519897,13.57931345,4.864864865
1977,-4.393848612,-4.650025782,-7.842,-9.081205023,2.948779487,1.1296524,0.195731716,14.77772578,14.88840073,14.25203683,22.18362283,22.10097269,17.85664054,6.587986733,15.93948473,12.73106336,21.58312695,22.11576489,22.41759924,-0.251445162,0.985862261,3.222437563,2.882009166,3.461656077,5.131783066,3.091109197,-4.37632,4.26708,0.98231,9.548400865,22.33357128,,,32.84024613,,,,,4.614008792,,,,,,1.808256079,,-11.05433338,,-6.272476268,,0.850021145,0.525506127,6.701030928
1978,7.339724386,4.500170567,5.87145,6.626894445,7.102662649,7.407475982,7.026363558,17.06854443,16.79792488,16.37927631,27.19602978,10.0508882,32.39708764,13.9840809,31.20188661,47.60453209,21.56797715,34.31601684,35.40060607,-1.637177086,0.193902111,2.863909088,1.241807007,2.814093623,7.017923388,0.286682061,5.31875,3.61309,8.76503,30.62651873,36.66954167,,,9.691019406,,1.90194,-4.53524,-5.76343,3.183176905,,,,,,17.99217622,,6.152612332,,5.137258324,,1.839604801,-4.522604111,9.017713366
1979,22.448572,20.34280723,18.04743,23.69299191,28.04756063,32.29110512,32.49814281,35.1198795,42.82719377,50.54913817,40.52605459,35.50393647,4.573073416,19.10228996,9.234951313,-4.223563583,12.01576784,3.472678604,4.833646944,-0.73341339,3.806202603,7.383938726,1.776622141,6.932339676,10.21344187,-2.180383159,13.54024,6.19841,22.55357,32.81537606,131.2802066,,,176.484212,,4.78076,-1.57055,-2.96706,5.198994683,5.46397,,,,,12.45638818,,14.25821129,,16.21041773,,18.00167003,-18.59719085,13.29394387
1980,32.62432594,24.20204652,31.91568,39.33525007,21.45261015,32.279125,40.98796177,25.14810332,38.36127706,51.97380531,29.7369727,24.04635704,22.37072661,6.587986733,23.25569367,35.36352398,11.61189225,18.96529942,23.87125734,-3.132461125,0.898454931,7.913867796,2.551290854,7.661368698,11.59567614,-0.358894681,22.58373,11.88017,22.61776,10.25731622,12.27656051,,,64.51830395,,5.29504,-10.34959,-15.99653,7.591364196,3.39081,,,,,27.47928831,,36.70201664,,28.34575666,,21.60683088,-22.51846821,12.51629726
1981,-3.784701418,1.085923929,-5.2058,-11.45982829,7.260378198,2.223295385,-1.099733676,14.63453366,1.854181594,-9.40720193,7.751861042,5.727883353,-2.444046998,-20.33176865,-4.021505505,7.539343145,-12.68621437,5.699751613,-2.540080837,0.174212636,6.153064968,11.7198062,6.089382892,11.61235305,14.98116027,2.879876421,2.90372,8.67168,16.75854,-23.58207681,-32.77234178,,,-19.87059686,,8.29508,-7.3986,-11.15259,11.31721411,9.4315,,,,,-3.488216377,,-6.589841522,,3.126745017,,10.61977681,-26.66322338,8.922363847
1982,20.83083683,19.83438155,20.97211,20.25172207,29.57447841,23.05025016,21.63832829,28.27812226,24.73481454,20.75341147,27.59305211,21.28531285,-2.024279585,-31.76969172,-1.471480724,-6.896451516,3.699251908,-1.049017875,-2.595247133,41.48023629,31.39107346,22.61508604,32.42252307,23.43288994,11.36762214,39.10528411,24.54664,23.30151,21.71902,10.72817488,15.56015621,,,51.8507706,,10.15313,31.06497,38.55567,25.1167242,27.49855,,,,,11.06139057,30.44005745,19.74360387,,21.27761904,,32.1671074,79.80423216,3.829787234
1983,21.80946675,28.06758511,21.29289,15.7869422,30.52691476,23.61283285,22.49423154,38.37500235,28.91289966,19.90608968,35.8808933,30.29731409,23.48153741,13.97881089,23.62615128,25.64794856,20.64148015,25.33660998,27.03832287,1.781630049,4.189391467,8.461619701,8.195831428,8.801505331,8.620856431,9.195120954,23.57188,18.60342,30.06014,15.38982401,-17.166909,,,8.755023477,,5.0614,6.49717,9.50138,9.10626,15.09312,,,,,23.04595807,16.96223358,16.4591943,,24.5369657,,25.61490422,-18.33219534,3.790983607
1984,4.363890553,9.910891484,6.21232,-1.120594989,1.316332181,1.254907552,-4.641793312,2.075936795,-7.457732369,-15.98780392,-20.1191067,20.61366596,7.199744592,16.63905557,2.772541549,12.84125309,0.359176568,2.713001665,3.144577849,14.56358134,13.24930174,13.73739286,14.97465778,14.01744024,9.865448084,16.54156321,10.70329,16.64026,19.47383,0.298279626,-19.57866839,,,-22.91768134,,6.79832,9.53248,8.55327,14.22665,7.8586,,,,-1.925743648,5.573530378,-0.823013493,8.495671399,,8.548736387,,14.98230861,20.6263624,3.948667325
1985,31.98522069,31.29199361,31.22808,32.6290606,32.52859131,31.78652591,32.17558901,30.76168602,30.82290989,30.72054886,24.88337469,18.78769971,55.89926042,27.36085745,50.53785948,38.666322,78.46695081,61.14967166,51.16378993,31.30007551,23.59848325,15.23473169,21.91987347,15.35243124,7.603345702,23.97477616,28.52701,27.41386,28.02618,9.193652701,5.736307949,14.42603,45.76106,-2.024182756,31.06955352,6.95311,17.33125,20.77418,14.89754,21.9901,23.59848325,16.14946548,10.99480675,31.74205038,41.50062582,32.36589121,33.06685213,32.55517231,32.39833111,33.06685213,37.03994168,67.37628806,3.798670465
1986,16.02756141,19.77622043,18.06083,15.16613757,17.6444755,18.00120784,17.32707855,7.207642492,5.499917787,3.385353264,-0.337468983,18.84884857,69.1524479,11.37923973,65.03379168,92.93627514,43.47797526,67.58373461,57.29164758,23.84616226,17.26848606,11.02993878,15.0920905,11.21909511,6.076895524,16.45169463,18.40192,18.33793,20.27371,1.285059542,18.67516032,12.69611,21.42032,18.06387226,21.40886,7.38737,16.21497,19.37918,11.41779,16.85756,17.26848606,13.49523588,11.25163216,11.52635881,42.52868445,22.69232725,24.87720617,17.34900058,17.15547013,24.87720617,26.81197088,60.20863074,1.0978957
1987,1.527860995,0.327942498,4.7053,5.126834382,-2.377765139,0.058542693,2.564803606,-7.286498961,-8.955634507,-10.64630874,-15.55334988,-3.890483664,24.42084975,13.9840809,24.02727889,39.29290701,3.392249826,30.30217625,27.62020936,-2.9259,0.329221355,4.777243201,1.14053,4.849512851,5.751217184,2.485286489,2.27501,-1.91812,1.22799,22.8524666,24.20081484,6.13393,-0.50007,40.50397295,-2.13846,4.10856,1.63863,-1.14383,4.45971,2.65135,0.329221355,5.594057173,9.130710784,-3.712204371,16.54181134,2.333128839,4.187295089,3.754314252,3.511565995,4.187295089,-0.173938448,-22.49906954,4.43438914
1988,17.86498902,22.95108316,16.21994,11.07781771,24.37767915,19.59929826,12.70950708,29.22528265,24.80549296,20.14335144,20.14888337,13.19213675,28.05113603,39.56048521,27.17125906,34.64288537,15.50744256,29.75492776,28.40158406,9.15186,6.169279458,5.786326173,7.3813,6.134130259,6.511320325,9.147057985,16.10765,13.61423,28.69659,26.98257694,-15.41493302,21.36558,28.405,-12.45420122,24.72498,5.60626,10.00182,12.23914,6.95061,13.55381,6.169279458,8.076925785,8.973998766,19.74694695,23.71559187,7.06287409,15.65086535,15.73966092,19.63249861,15.65086535,20.28891162,12.12095621,4.419410745
1989,28.67984821,24.97769791,31.36494,35.69297195,22.46257379,26.0572369,31.23556866,12.21357134,16.06540387,19.93950283,4.714640199,8.558908969,10.34890208,63.94266231,11.39662029,2.26569923,28.17605013,14.41312723,22.92235811,17.93267,14.75426672,11.36159877,13.69684,11.52886693,8.262367737,14.00622526,21.60455,20.93268,15.02477,37.25142457,-3.143481127,43.45169,32.95381,22.03623949,27.82581,7.07728,10.00321,11.54143,11.45483,1.89063,14.75426672,8.754533465,3.977978351,24.0958578,16.97151894,42.77106599,36.61186679,35.68220047,28.71031966,36.61186679,32.6555622,30.08836853,4.647302905
1990,-6.091471939,-8.239163422,-3.32467,-0.428601378,-16.24183465,-11.647979,-5.312828593,-21.92302821,-18.1271,-17.56680995,-31.79156328,-15.57068544,-23.57660633,-11.10278359,-23.1747717,-34.58898305,-4.095069104,-21.96258046,-23.90477191,5.78015,7.909913411,9.556941242,8.64814,9.529399421,7.669492544,6.978882962,-2.80736,3.75698,-15.50073,28.11654026,-3.352584694,-1.36737,16.7945,-17.19999955,-9.98461,6.57056,7.19799,6.81513,9.22988,-5.8456,7.909913411,8.682129242,5.744284702,-14.04524278,-16.67602311,1.514014027,3.805526133,-2.01491508,-6.159526606,5.488077883,-5.541928348,-2.694976362,6.106264869
1991,34.48172558,24.33862434,30.22153,41.03024858,37.66131864,41.27167436,46.75254322,41.43410907,45.25944,50.90006513,46.96774194,35.34391913,11.93575193,58.92371093,13.30720293,10.65006,12.40014,9.857174472,7.710756651,17.43011,16.26489762,12.7354941,15.24739,12.97238885,5.633813409,18.4243383,23.6485,21.56714,28.55032,-6.833053075,-8.7859987,0.28333,46.32266,-6.142178793,28.69517,7.19815,12.16122,13.49865,13.07778,29.00833,16.26489762,14.12701416,10.74425698,41.84984706,18.74163134,36.87335389,42.33470734,28.86904549,29.08242581,38.3089788,23.95632607,18.79322902,3.064275037
1992,9.646494907,13.39214336,7.42328,4.812259159,21.44808791,16.14300945,8.505585095,28.89073501,18.20273,7.565732809,32.98263027,14.29255839,-12.32153071,10.71616662,-11.47494651,-18.17365,-3.31816,-11.5469731,-14.92670015,7.4047,7.78,6.74675,7.13927,6.667850592,3.355510943,8.615694158,7.92632,8.67424,16.49908,3.64519258,-5.969346329,6.10194,-1.56915,-3.088196826,11.99077,4.71279,8.85495,9.30212,7.19486,14.24035,7.330278403,7.018533834,6.28034312,12.46608484,-4.840666112,4.33205124,2.365124541,6.421177608,8.70375188,9.921806615,3.911362065,6.81525963,2.900652647
1993,10.62439,18.34944,9.89239,1.52737,15.5695542,15.45632484,15.17065502,19.81249127,18.70362,15.77791115,24.64516129,19.34434589,32.33559141,73.75798211,34.13927244,35.46424,29.12756,39.36378701,33.0968228,16.78703,11.43246,6.40677,9.68232,6.939363725,2.99216,12.07956016,13.51607,14.64942,19.36887,-12.98101457,17.3880463,26.51885,11.80581,78.67982313,13.60278,3.82239,11.55274,13.45181,7.06653,18.24025,11.7385533,11.14834596,13.67210204,14.49030811,22.89536379,13.21579067,-1.863110769,11.82682235,10.38893066,4.138714798,9.201982077,40.94259517,2.748414376
1994,-0.16865,-0.73178,1.17592,2.88978,-3.195110514,-3.49927021,-3.901741044,-0.849480213,-0.50789,-2.799595061,-3.702233251,2.903150707,7.595160963,-7.888324229,6.027665296,13.04418,1.87577,10.59986765,8.7200609,-7.03823,-4.32623,-0.57529,-2.65599,-0.864092719,3.98754,-3.999720428,-0.48705,-4.43598,-0.14916,4.509263674,-2.413716825,-1.6262,9.5392,-15.45649964,-1.16496,1.69619,-2.12166,-5.7575,-0.08109,-1.71265,-5.117835093,-3.664985034,-4.833990817,-1.763931545,5.602925869,-1.087434631,5.788044981,0.127592718,0.34754775,0.742657816,-1.35810541,-20.14262965,2.674897119
1995,35.78528,36.93743,37.44574,38.0637,34.23872567,33.18656959,32.09461764,26.30073591,28.74006,36.17455123,29.49875931,14.96802175,11.01903994,0.55661,9.31359606,2.74766,22.2811,10.8326043,-0.036791436,30.09321,20.44167,12.1091,18.18152,12.88668744,5.66213,22.16027566,32.9224,28.91028,30.14546,19.43628326,0.726656939,25.31845,45.17376,11.20042923,38.83409,5.91876,13.64473,18.71966,12.73563,19.15286,20.96573674,17.9018508,17.17116479,33.7966443,19.14868877,42.32106783,39.90338019,36.5882031,39.35891915,34.4193821,44.30694803,60.91884037,2.538410154
1996,20.96198,21.86296,22.877,23.7392,21.22642952,20.26380463,18.70047415,23.28876255,18.11808,13.64560864,16.28784119,34.91587014,5.86703146,15.82934,6.073262892,-7.8231,21.25503,8.413571534,1.924222453,-1.25415,1.91815,4.39244,3.58002,4.552118907,5.25643,3.212029027,16.1881,9.41932,26.36052,32.9201038,-4.78583902,33.99663,21.35981,19.92042406,24.18353,3.68743,4.19648,4.41463,4.78807,9.5444,1.723879132,6.976436431,11.92258029,17.64643666,12.94932445,29.82998087,30.3516572,14.98476675,23.16497684,20.71075715,22.49668926,-8.955391445,3.32247557
1997,30.99493,29.76686,33.19051,36.342,36.82449498,28.36339738,20.36876345,34.47094154,24.59029,14.34562822,21.53846154,18.773,1.605165953,-16.82422,-0.77364,-25.66938,24.23482,1.08463376,-18.86073507,13.9042,8.95729,6.39143,9.44208,7.037473265,5.29352,10.15665048,23.23472,20.19044,21.97461,-14.71106329,-21.63608305,14.88996,28.56603,-39.38519109,32.37456,4.07119,7.08151,9.28858,6.94599,11.90727,1.876247505,10.06804617,10.73346068,26.68753857,15.04395237,36.89133779,32.95195431,30.20754362,32.63680088,35.27045856,34.28743421,29.0152893,1.702395965
1998,23.26422,14.64283,28.6171,42.20514,1.323910393,9.073353852,17.03319131,-5.29556985,-2.61333,6.430290873,-1.80723,-16.32448,19.79321419,-18.12303,15.60284,2.40946,28.86013,17.22323734,4.781958438,13.05121,10.60622,7.36001,8.58218,7.629230792,5.18404,8.49697256,12.05797,11.84279,0.81199,-36.2239637,-1.074330026,-20.52862,40.80147,-8.640328801,16.35943,4.31702,5.7597,6.01955,6.56734,5.61802,3.740403206,9.671469324,11.91839196,8.352824784,22.44203422,48.75422604,45.29304856,22.82444638,21.13903414,16.64958464,16.97789394,19.7368542,1.611903286
1999,23.81314,12.56826,21.06845,28.75916,2.005426484,15.31871,70.21039223,3.34959,23.13292,19.80008,31.49284,-4.03932,26.74884173,61.57163,29.91922,57.05415,16.61607,23.64230102,32.32413377,-8.65849,-3.52199,1.8493,-0.75857,2.0781953,4.73976,-2.678125312,4.40622,-4.13626,11.57077,39.87177667,0.59978615,20.97687,7.04916,8.357741581,-5.80676,2.58463,-0.50288,-3.52928,3.30395,2.55146,2.189363616,0.695676408,2.002906576,36.21808192,26.17221309,40.42261658,19.96765885,7.637092345,11.15411124,-5.51469763,-4.771742386,-19.84598781,2.684563758
2000,-10.57467,6.08133,-9.05616,-22.20862,22.23875943,18.09763,-26.42586999,21.8782,-2.66505,1.5885,0.67033,26.34829,-14.35699089,-27.5573,-15.6142,-25.7365,-8.17709,-3.518469504,-18.26436349,19.72221,14.0309,8.83403,11.39285,8.841961242,5.98725,10.21138268,10.40232,16.17189,15.88923,48.62842851,-5.679384656,36.43406,60.52797,-18.05300746,16.86153,4.9062,9.24136,13.32127,8.17383,-0.87969,12.95402752,10.24147144,8.989455327,-15.51385618,-11.50280039,-9.601361459,-9.555746332,2.678647708,1.437204964,9.96010312,8.788690226,33.36272609,3.386809269
2001,-10.96591,-11.87547,-12.02314,-12.92861,8.582092496,-0.49924,-20.57927114,13.69723,3.10001,-0.77609,23.98271,12.35464,-21.99881163,-2.87734,-20.15305,-26.33513,-20.3048,-18.83769444,-14.83231619,4.30805,7.54739,7.79786,8.42821,8.879030608,4.15931,9.447639515,4.18592,7.38514,5.72425,-32.43972839,0.495709169,-2.54887,-6.86713,24.98801723,-3.39923,4.74559,5.05426,4.54214,8.13852,2.90382,7.61065,7.145640717,6.16009665,-9.167531569,-16.21862852,-17.33302486,-9.556293573,-7.962548797,-2.413664806,10.65558114,-4.768739262,-0.646927151,1.551724138
2002,-20.96089,-20.90677,-22.14511,-23.67636,-9.865744088,-14.60845,-23.47954687,-14.19791,-20.02265,-15.40938,4.8995,3.75423,-15.68274288,-7.42976,-15.08273,-9.31594,-17.94562,-16.23339364,-5.937765413,16.67388,14.1481,8.02086,8.258,6.099355178,1.68658,11.19384061,-6.89722,4.64276,-22.25432,31.08539514,25.25647906,-0.62073,-11.36348,64.27571088,-16.86241,3.487,7.91249,10.11463,5.21886,1.73489,16.6074,8.356425302,6.704945981,-18.06348165,-19.01294008,-12.27962663,-19.59281488,-15.43435593,-22.21249073,-10.00447553,-13.38758573,20.40681523,2.376910017
2003,31.3538,32.24735,28.50192,25.92312,37.65266806,34.1419,39.99647107,37.19122,45.62812,42.88155,80.98445,35.65495,38.55506418,57.64918,40.33935,38.42446,38.7001,44.73531805,57.17625075,2.67673,2.36803,2.38316,3.97353,3.373094841,0.99134,8.892453663,20.74808,9.65514,37.00737,19.81906535,19.58870106,33.79948,26.57982,32.08742497,30.08088,1.63789,4.45952,5.21312,4.20131,17.1972,8.0041,3.015199989,2.289962639,43.42689554,34.13163617,25.98283892,20.0001576,19.80041542,31.99325557,25.18118742,24.10479023,0.456720296,1.879491432
2004,12.51571,15.28717,10.74022,7.20012,26.92800288,20.353,13.60140492,23.55207,19.89642,16.05719,19.08706,30.75949,20.15383036,26.11933,20.83684,18.83172,20.86186,23.84851084,28.97659127,7.11974,3.40293,1.03039,4.23717,1.696054409,1.17927,5.905955568,11.17481,7.57475,13.3756,16.40446817,4.38767945,36.64969,9.51003,-9.788810029,18.31332,1.12084,3.22922,4.12078,2.11242,8.51566,8.27305,4.800321073,5.124623607,18.70700744,15.92267058,16.68181973,10.01660518,14.34010078,12.89128026,15.2872152,11.66529473,15.62876986,3.255561584
2005,5.9804,7.08807,4.77444,5.08706,12.63210762,13.93064,14.80155201,6.07227,7.36353,8.63674,4.07998,11.89023,13.50842497,32.05153,15.57106,22.59379,9.25733,13.35372389,22.33812016,6.60895,2.316,1.7669,2.3957,1.308982445,2.94297,1.212474678,6.82397,3.48168,4.99099,24.61853164,17.47490777,44.59655,15.40604,40.69858239,7.00928,1.64879,2.23901,3.07277,2.19784,2.76986,2.59175,4.186672345,5.280506075,10.28550296,11.50274545,19.13367676,2.368554688,6.463679653,4.991436618,3.533041771,3.546412699,17.30766463,3.415659485
2006,15.51101,22.14851,15.64165,9.01346,17.59442043,13.59756,9.459110284,19.24381,15.63735,11.94224,11.47739,35.06987,26.16840667,29.39177,26.63694,11.98751,33.42002,29.96313579,26.5407759,1.74331,3.13647,3.76723,4.26873,4.08957326,4.70536,4.263766719,14.96895,11.2791,19.34636,-15.72402247,22.33009709,19.65764,10.8713,25.42964293,18.24604,3.26392,4.42845,5.16172,4.99057,8.23649,0.42703,3.542711286,3.059047314,14.27396973,21.96059636,10.5822384,11.84925245,14.78493874,18.05578648,17.12550112,20.87487023,-2.715229339,2.540650407
2007,5.48951,0.0851,5.38668,12.56473,-4.37261,6.02128,17.30192,-7.07234,1.15575,9.62797,-5.40148,-16.46078,11.06488284,38.90179,15.52229,4.77841,13.81877,5.844294495,10.48401057,9.24393,9.97935,7.88605,6.92174,7.221527305,4.76396,4.29631965,8.33586,5.60561,-3.29516,30.46027784,30.95238095,36.99952,4.41905,24.93151882,2.22577,4.19192,3.42685,2.54132,5.86115,2.04338,11.59172,5.232428132,4.133165826,4.327696955,12.5302829,17.62743984,10.47473237,4.154191876,1.031225463,5.525432279,1.543204322,11.27140002,4.081268583
2008,-37.03776,-35.96771,-37.0207,-38.3203,-36.64007,-41.82408,-47.07087,-32.05468,-36.07031,-39.99983,-39.48599,-37.04664,-41.31903482,-52.81448,-44.10082,-34.36249,-44.72551,-43.91619124,-50.35856196,22.51553,13.32444,6.67929,5.05267,5.428317191,2.10426,-6.986479344,-22.29532,-9.84266,-41.1047,-47.47155505,5.454545455,-42.86879,-18.45349,-20.49214462,-36.7,3.74026,-0.13904,-4.87279,-4.74422,-21.28913,-2.84652,5.48577865,5.610107272,-38.72740071,-41.86719149,-40.9744765,-30.29199904,-25.76393211,-39.76397235,-26.56358706,-32.50539843,55.41004,0.091412901
2009,28.69796,19.57619,26.48558,36.29057,37.6068,40.21791,42.54044,30.33552,36.11824,41.84794,25.95494,29.57592,28.16700145,75.97691,36.7267,21.18044,31.91336,33.81080169,62.50496798,-12.04848,-1.68526,1.44176,5.93461,4.275846116,0.24923,21.30177604,22.19587,16.02412,34.69141,15.14130053,23.44827586,38.36179,20.96477,37.99660711,27.05232,3.07016,10.21622,14.08352,14.02694,39.0876,10.8022,4.991988461,4.293585475,37.4283977,33.29890522,17.46362835,31.84080242,18.17808213,28.56217062,19.15257831,17.51524257,-36.66675,2.721331126
2010,17.09371,14.28163,14.91373,16.9581,21.63268,25.45907,28.93242,24.81802,27.71992,30.69232,24.8587,28.30477,8.270974022,18.85984,11.12092,15.76638,4.9097,3.178382638,24.96503286,8.93016,7.35455,2.6355,6.42151,3.916053999,0.01144,10.64741921,10.93701,10.64704,14.82459,7.825715754,27.93296089,13.43321,6.15838,35.2505987,10.61652,0.94842,2.13427,1.50178,5.20892,12.39886,6.16563,4.460533264,3.149827629,27.36604372,12.87168457,18.03348116,12.47878953,14.53095935,17.12992648,14.56919903,14.01912619,10.26995,1.495723527
2011,0.96204,0.99535,1.96601,1.70841,-0.44071,-2.10797,-3.84369,-4.16333,-2.80414,-1.5754,-7.8587,8.46558,-12.58259135,-18.77579,-14.56442,-14.0027,-11.60409,-12.24281683,-19.09315236,29.27743,9.79512,2.25736,7.55792,2.962889548,0.01585,7.944939093,3.85178,9.62858,-3.99668,-3.250366032,8.66084425,-1.74456,11.45425,-16.34354208,2.70375,1.59761,9.62244,10.69058,1.92581,7.13222,13.23507,5.22495216,3.804765339,-3.73110678,-7.884807587,5.927608157,8.235561619,12.69629638,0.587641944,6.049679766,10.34539561,55.80509,2.962418845
2012,16.25301,15.00243,15.82468,16.88573,15.90732,15.79537,15.81329,18.5649,18.04439,17.51903,19.82797,17.5255,18.46686779,18.64023,18.14151,15.48902,20.80471,17.51905347,18.88846677,3.46526,2.67462,0.69259,4.04799,1.947461085,0.01624,11.35846085,12.5721,10.05548,20.77601,-0.605326877,8.372404555,2.66901,15.11128,-12.43192842,16.71552,0.99185,5.69568,8.07648,4.52478,14.35546,6.77503,5.800999315,6.325704593,18.31339584,17.1466433,14.92568079,13.80192237,11.0431991,17.30765704,11.49821467,12.58839946,3.1849,1.741022369
2013,33.34968,32.85076,32.17554,32.16443,37.41613,34.9954,32.01698,36.40696,37.61921,37.9758,50.90679,2.30633,21.96445338,-5.1911,15.04498,17.36288,24.70408,22.6084097,17.44349838,-13.02541,-3.08716,-0.09808,-2.26238,0.066416442,0.01204,-1.80252046,19.6639,9.18794,36.08128,-2.040194884,-27.93572311,18.14095,43.18982,-51.40616633,30.68853,0.47516,-1.55512,-2.95395,0.97374,4.53734,-8.91641,-0.109101544,1.049544391,38.19062001,22.79474493,34.5991818,33.30755672,25.10531229,34.8878027,28.85398736,30.12892908,-20.94071,1.50173562
2014,12.429261,13.052746,13.508507,13.46524,13.84192,13.604582,13.348708,10.390141,7.367853,3.876855,4.612137,30.132808,-5.819826,0.419879,-4.237689,-4.689729,-6.666505,-5.651161,-4.8127,25.27431,4.317145,0.714405,5.757433,1.155186,0.009261,7.465277,9.82229,8.065405,11.818551,-33.602735,-0.438051,-14.264177,28.516621,-8.514177,11.158742,0.648943,7.246198,11.065992,1.763153,4.583281,3.82703,7.555680887,8.826146,7.41909,3.916162,14.475832,11.619023,16.335544,12.293309,9.975658,13.377539,45.637084,0.75649327
2015,0.293684,-1.03282,1.248341,3.170315,-1.90515,-1.455179,-1.128566,-4.775373,-3.780878,-2.636704,-8.281126,2.218134,-0.289786,-15.467345,-4.373495,2.250013,-2.002509,-5.888319,-0.319191,-1.540745,1.503794,0.454174,0.29843,0.854143,0.021243,0.877228,0.056486,1.275889,-3.322075,-33.473783,-11.646832,-21.50116,12.652943,-17.883216,-3.216208,0.44989,2.857674,3.965329,1.02966,-1.396007,-1.826113,0.878016785,1.037342,-3.394249,-2.016741,9.123147,5.560607,5.504263,-3.543263,-2.049011,0.299056,-4.446573,0.729519786
2016,12.533311,16.749371,11.816973,5.994823,15.107887,11.074521,6.618351,24.64824,18.173373,10.60806,21.466595,8.338784,2.35973,11.497232,4.652628,5.19407,-0.801382,4.865409,4.173853,1.19454,1.18665,0.986574,2.497537,1.410501,0.254862,5.301144,11.014056,8.080465,12.486842,9.92259,8.84654,33.097611,-8.989277,47.281753,13.414879,0.357451,0.082456,0.627775,2.72033,11.192665,4.521354,3.872721551,4.666116,15.986368,8.67026,4.89082,9.177813,10.496953,15.682103,11.727341,16.746257,1.51701,2.074622133
2017,21.051532,16.985812,21.667673,27.646191,16.913903,19.118963,21.717791,11.67095,16.101286,21.78166,12.472945,4.825801,26.309117,31.154725,27.395766,28.387823,26.822039,21.22317,30.120793,8.584381,1.568582,0.387036,3.461357,1.095876,0.792517,5.503615,14.724019,10.197518,19.095089,4.481434,11.576907,3.174795,19.613077,8.625449,16.77822,0.99444,4.534586,6.433366,2.021642,7.024315,2.814648,3.048508342,2.409043,17.940876,24.062202,37.601211,22.264007,18.971854,21.967657,22.115375,16.37307,13.518952,2.109082475
2018,-5.256156,-5.546804,-4.524088,-3.462321,-12.530416,-9.339775,-5.744081,-12.339369,-9.428399,-5.802333,-17.123786,-6.107056,-14.5632,-14.712888,-14.44285,-13.978297,-14.864843,-14.877077,-18.519464,-1.904888,1.002866,1.352915,-0.127194,1.267857,1.796762,-1.753612,-3.423011,-2.571863,-12.455021,-14.276961,-1.394163,-17.153401,1.152869,-12.999535,-8.579698,1.590496,1.252248,0.901388,0.864206,-2.964549,-1.487261,1.574308123,2.906428,-9.471334,-9.728272,-1.765973,-5.771998,1.355795,-11.182571,-2.080692,-5.960579,-3.513999,2.18
